Top queries,Clicks,Impressions,CTR,Position
hot tub maintenance denver,1,46,2.17%,13.78
hot tub doctor,1,10,10%,29.6
hot tub repairs near me,1,1,100%,1
hot tub cleaning,1,1,100%,2
hot tub repair denver,0,85,0%,7.24
hot tub service near me,0,31,0%,1.03
hot tub chemistry,0,24,0%,70.08
hot tub service denver,0,22,0%,7.59
hot tub repair denver co,0,19,0%,20.95
hot tub services,0,17,0%,17.59
hot tub installation service,0,13,0%,1
hot tub repair service,0,12,0%,1
spa doctors,0,12,0%,1.33
spa doctor,0,10,0%,1
spa restoration denver,0,9,0%,9.11
spa repair denver co,0,8,0%,1.12
hot tub cleaning service denver,0,7,0%,25.29
hot tub repair,0,6,0%,7.67
hot tub maintenance near me,0,5,0%,4.6
hot tub experts denver,0,5,0%,51.4
hot tub doctors,0,4,0%,46.75
hot tub installation near me,0,3,0%,1
spa doctor hot tub,0,3,0%,3.67
hot tub repair services,0,2,0%,1
hot tub technician near me,0,2,0%,1
swim spa service near me,0,2,0%,1.5
spa dr,0,2,0%,2
hot tub repairs,0,2,0%,4.5
hot tub removal,0,2,0%,10
hot tub and spa repair near me,0,1,0%,1
hot tub doctor near me,0,1,0%,1
hot tub spa near me,0,1,0%,1
jacuzzi tub repair service near me,0,1,0%,1
spa medic colorado,0,1,0%,1
spa repair near me,0,1,0%,1
hot tub open now,0,1,0%,2
hot tub service company,0,1,0%,2
the spa doctor,0,1,0%,2
hot tub repair near me,0,1,0%,6
old hot tub removal near me,0,1,0%,7
hot tub moving service,0,1,0%,16
the hot tub doctor,0,1,0%,43
spa doctor products,0,1,0%,53
hot tubs near me,0,1,0%,56
hot tub water chemistry,0,1,0%,60
site:.tech,0,1,0%,74
spa doctor near me,0,1,0%,91
hot tub chemical guide,0,1,0%,101